task,chunking,retrieval,query,reranker,n_queries,n_chunks,recall@1,recall@3,recall@5,recall@10,mrr,latency_seconds
precedent,whole,bm25,direct,none,1,3,1.0,1.0,1.0,1.0,1.0,0.00018479209393262863
precedent,whole,bm25,direct,token_overlap,1,3,1.0,1.0,1.0,1.0,1.0,0.00020599993877112865
precedent,whole,bm25,keyword,none,1,3,1.0,1.0,1.0,1.0,1.0,0.00014791602734476328
precedent,whole,bm25,keyword,token_overlap,1,3,1.0,1.0,1.0,1.0,1.0,0.00018720794469118118
precedent,whole,bm25,hyde,none,1,3,1.0,1.0,1.0,1.0,1.0,0.0001675420207902789
precedent,whole,bm25,hyde,token_overlap,1,3,1.0,1.0,1.0,1.0,1.0,0.0002472089836373925
precedent,whole,dense,direct,none,1,3,1.0,1.0,1.0,1.0,1.0,0.0023612920194864273
precedent,whole,dense,direct,token_overlap,1,3,1.0,1.0,1.0,1.0,1.0,0.0022682499838992953
precedent,whole,dense,keyword,none,1,3,1.0,1.0,1.0,1.0,1.0,0.0021571670658886433
precedent,whole,dense,keyword,token_overlap,1,3,1.0,1.0,1.0,1.0,1.0,0.002518624998629093
precedent,whole,dense,hyde,none,1,3,1.0,1.0,1.0,1.0,1.0,0.0024134579580277205
precedent,whole,dense,hyde,token_overlap,1,3,1.0,1.0,1.0,1.0,1.0,0.0022704170551151037
precedent,whole,hybrid,direct,none,1,3,1.0,1.0,1.0,1.0,1.0,0.002287500072270632
precedent,whole,hybrid,direct,token_overlap,1,3,1.0,1.0,1.0,1.0,1.0,0.002334624994546175
precedent,whole,hybrid,keyword,none,1,3,1.0,1.0,1.0,1.0,1.0,0.002327832975424826
precedent,whole,hybrid,keyword,token_overlap,1,3,1.0,1.0,1.0,1.0,1.0,0.002355832955799997
precedent,whole,hybrid,hyde,none,1,3,1.0,1.0,1.0,1.0,1.0,0.0023484580451622605
precedent,whole,hybrid,hyde,token_overlap,1,3,1.0,1.0,1.0,1.0,1.0,0.002850040909834206
precedent,fixed_token,bm25,direct,none,1,3,1.0,1.0,1.0,1.0,1.0,0.000206666998565197
precedent,fixed_token,bm25,direct,token_overlap,1,3,1.0,1.0,1.0,1.0,1.0,0.0002381670055910945
precedent,fixed_token,bm25,keyword,none,1,3,1.0,1.0,1.0,1.0,1.0,0.0001836250303313136
precedent,fixed_token,bm25,keyword,token_overlap,1,3,1.0,1.0,1.0,1.0,1.0,0.00022787495981901884
precedent,fixed_token,bm25,hyde,none,1,3,1.0,1.0,1.0,1.0,1.0,0.00020845793187618256
precedent,fixed_token,bm25,hyde,token_overlap,1,3,1.0,1.0,1.0,1.0,1.0,0.00027408392634242773
precedent,fixed_token,dense,direct,none,1,3,1.0,1.0,1.0,1.0,1.0,0.0023169160122051835
precedent,fixed_token,dense,direct,token_overlap,1,3,1.0,1.0,1.0,1.0,1.0,0.002278457977809012
precedent,fixed_token,dense,keyword,none,1,3,1.0,1.0,1.0,1.0,1.0,0.0022524590604007244
precedent,fixed_token,dense,keyword,token_overlap,1,3,1.0,1.0,1.0,1.0,1.0,0.0024956250563263893
precedent,fixed_token,dense,hyde,none,1,3,1.0,1.0,1.0,1.0,1.0,0.0023484999546781182
precedent,fixed_token,dense,hyde,token_overlap,1,3,1.0,1.0,1.0,1.0,1.0,0.0023739170283079147
precedent,fixed_token,hybrid,direct,none,1,3,1.0,1.0,1.0,1.0,1.0,0.0023934999480843544
precedent,fixed_token,hybrid,direct,token_overlap,1,3,1.0,1.0,1.0,1.0,1.0,0.0024658750044181943
precedent,fixed_token,hybrid,keyword,none,1,3,1.0,1.0,1.0,1.0,1.0,0.002430250053294003
precedent,fixed_token,hybrid,keyword,token_overlap,1,3,1.0,1.0,1.0,1.0,1.0,0.00241650000680238
precedent,fixed_token,hybrid,hyde,none,1,3,1.0,1.0,1.0,1.0,1.0,0.0023971250047907233
precedent,fixed_token,hybrid,hyde,token_overlap,1,3,1.0,1.0,1.0,1.0,1.0,0.0029389580013230443
precedent,fixed_char,bm25,direct,none,1,5,1.0,1.0,1.0,1.0,1.0,0.0002203340409323573
precedent,fixed_char,bm25,direct,token_overlap,1,5,1.0,1.0,1.0,1.0,1.0,0.0002431659959256649
precedent,fixed_char,bm25,keyword,none,1,5,1.0,1.0,1.0,1.0,1.0,0.0001824999926611781
precedent,fixed_char,bm25,keyword,token_overlap,1,5,1.0,1.0,1.0,1.0,1.0,0.0002256670268252492
precedent,fixed_char,bm25,hyde,none,1,5,1.0,1.0,1.0,1.0,1.0,0.00024245795793831348
precedent,fixed_char,bm25,hyde,token_overlap,1,5,1.0,1.0,1.0,1.0,1.0,0.0002997079864144325
precedent,fixed_char,dense,direct,none,1,5,1.0,1.0,1.0,1.0,1.0,0.00238625006750226
precedent,fixed_char,dense,direct,token_overlap,1,5,1.0,1.0,1.0,1.0,1.0,0.002300499938428402
precedent,fixed_char,dense,keyword,none,1,5,1.0,1.0,1.0,1.0,1.0,0.002294084057211876
precedent,fixed_char,dense,keyword,token_overlap,1,5,1.0,1.0,1.0,1.0,1.0,0.002251541940495372
precedent,fixed_char,dense,hyde,none,1,5,1.0,1.0,1.0,1.0,1.0,0.002196833025664091
precedent,fixed_char,dense,hyde,token_overlap,1,5,1.0,1.0,1.0,1.0,1.0,0.002539832959882915
precedent,fixed_char,hybrid,direct,none,1,5,1.0,1.0,1.0,1.0,1.0,0.002412165980786085
precedent,fixed_char,hybrid,direct,token_overlap,1,5,1.0,1.0,1.0,1.0,1.0,0.0024372918996959925
precedent,fixed_char,hybrid,keyword,none,1,5,1.0,1.0,1.0,1.0,1.0,0.002395833027549088
precedent,fixed_char,hybrid,keyword,token_overlap,1,5,1.0,1.0,1.0,1.0,1.0,0.002469333936460316
precedent,fixed_char,hybrid,hyde,none,1,5,1.0,1.0,1.0,1.0,1.0,0.0024183749919757247
precedent,fixed_char,hybrid,hyde,token_overlap,1,5,1.0,1.0,1.0,1.0,1.0,0.002652833005413413
precedent,recursive,bm25,direct,none,1,3,1.0,1.0,1.0,1.0,1.0,0.0011979159899055958
precedent,recursive,bm25,direct,token_overlap,1,3,1.0,1.0,1.0,1.0,1.0,0.0012279170332476497
precedent,recursive,bm25,keyword,none,1,3,1.0,1.0,1.0,1.0,1.0,0.0011644159676507115
precedent,recursive,bm25,keyword,token_overlap,1,3,1.0,1.0,1.0,1.0,1.0,0.0012165829539299011
precedent,recursive,bm25,hyde,none,1,3,1.0,1.0,1.0,1.0,1.0,0.0012293750187382102
precedent,recursive,bm25,hyde,token_overlap,1,3,1.0,1.0,1.0,1.0,1.0,0.0012659160420298576
precedent,recursive,dense,direct,none,1,3,1.0,1.0,1.0,1.0,1.0,0.0033157920697703958
precedent,recursive,dense,direct,token_overlap,1,3,1.0,1.0,1.0,1.0,1.0,0.0035626660101115704
precedent,recursive,dense,keyword,none,1,3,1.0,1.0,1.0,1.0,1.0,0.0035282090539112687
precedent,recursive,dense,keyword,token_overlap,1,3,1.0,1.0,1.0,1.0,1.0,0.0034620420774444938
precedent,recursive,dense,hyde,none,1,3,1.0,1.0,1.0,1.0,1.0,0.0032825839007273316
precedent,recursive,dense,hyde,token_overlap,1,3,1.0,1.0,1.0,1.0,1.0,0.003325834055431187
precedent,recursive,hybrid,direct,none,1,3,1.0,1.0,1.0,1.0,1.0,0.003805625019595027
precedent,recursive,hybrid,direct,token_overlap,1,3,1.0,1.0,1.0,1.0,1.0,0.0035175830125808716
precedent,recursive,hybrid,keyword,none,1,3,1.0,1.0,1.0,1.0,1.0,0.00338925002142787
precedent,recursive,hybrid,keyword,token_overlap,1,3,1.0,1.0,1.0,1.0,1.0,0.003464957932010293
precedent,recursive,hybrid,hyde,none,1,3,1.0,1.0,1.0,1.0,1.0,0.0034005000488832593
precedent,recursive,hybrid,hyde,token_overlap,1,3,1.0,1.0,1.0,1.0,1.0,0.003739292034879327
statute,whole,bm25,hyde,token_overlap,1,3,0.0,1.0,1.0,1.0,0.5,0.0002222089096903801
statute,whole,dense,hyde,token_overlap,1,3,0.0,1.0,1.0,1.0,0.5,0.0025721669662743807
statute,whole,hybrid,hyde,token_overlap,1,3,0.0,1.0,1.0,1.0,0.5,0.002464250079356134
statute,fixed_token,bm25,hyde,token_overlap,1,3,0.0,1.0,1.0,1.0,0.5,0.0002583330497145653
statute,fixed_token,dense,hyde,token_overlap,1,3,0.0,1.0,1.0,1.0,0.5,0.0022869169479236007
statute,fixed_token,hybrid,hyde,token_overlap,1,3,0.0,1.0,1.0,1.0,0.5,0.002704459009692073
statute,fixed_char,bm25,hyde,token_overlap,1,5,0.0,1.0,1.0,1.0,0.5,0.00025512499269098043
statute,fixed_char,dense,hyde,token_overlap,1,5,0.0,1.0,1.0,1.0,0.5,0.0023845420219004154
statute,fixed_char,hybrid,hyde,token_overlap,1,5,0.0,1.0,1.0,1.0,0.5,0.002766416990198195
statute,recursive,bm25,hyde,token_overlap,1,3,0.0,1.0,1.0,1.0,0.5,0.0013328749919310212
statute,recursive,dense,hyde,token_overlap,1,3,0.0,1.0,1.0,1.0,0.5,0.0033697920152917504
statute,recursive,hybrid,hyde,token_overlap,1,3,0.0,1.0,1.0,1.0,0.5,0.0038487500278279185
statute,whole,bm25,direct,none,1,3,0.0,1.0,1.0,1.0,0.3333333333333333,0.0003293330082669854
statute,whole,bm25,direct,token_overlap,1,3,0.0,1.0,1.0,1.0,0.3333333333333333,0.00022087502293288708
statute,whole,bm25,keyword,none,1,3,0.0,1.0,1.0,1.0,0.3333333333333333,0.0001413749996572733
statute,whole,bm25,keyword,token_overlap,1,3,0.0,1.0,1.0,1.0,0.3333333333333333,0.00020362494979053736
statute,whole,bm25,hyde,none,1,3,0.0,1.0,1.0,1.0,0.3333333333333333,0.00015620794147253036
statute,whole,dense,direct,none,1,3,0.0,1.0,1.0,1.0,0.3333333333333333,0.011857000063173473
statute,whole,dense,direct,token_overlap,1,3,0.0,1.0,1.0,1.0,0.3333333333333333,0.0024887080071493983
statute,whole,dense,keyword,none,1,3,0.0,1.0,1.0,1.0,0.3333333333333333,0.002277082996442914
statute,whole,dense,keyword,token_overlap,1,3,0.0,1.0,1.0,1.0,0.3333333333333333,0.002258207998238504
statute,whole,dense,hyde,none,1,3,0.0,1.0,1.0,1.0,0.3333333333333333,0.0026156249223276973
statute,whole,hybrid,direct,none,1,3,0.0,1.0,1.0,1.0,0.3333333333333333,0.0025722079444676638
statute,whole,hybrid,direct,token_overlap,1,3,0.0,1.0,1.0,1.0,0.3333333333333333,0.002460750052705407
statute,whole,hybrid,keyword,none,1,3,0.0,1.0,1.0,1.0,0.3333333333333333,0.00245058408472687
statute,whole,hybrid,keyword,token_overlap,1,3,0.0,1.0,1.0,1.0,0.3333333333333333,0.0024424580624327064
statute,whole,hybrid,hyde,none,1,3,0.0,1.0,1.0,1.0,0.3333333333333333,0.0025865420466288924
statute,fixed_token,bm25,direct,none,1,3,0.0,1.0,1.0,1.0,0.3333333333333333,0.00019170797895640135
statute,fixed_token,bm25,direct,token_overlap,1,3,0.0,1.0,1.0,1.0,0.3333333333333333,0.0002257089363411069
statute,fixed_token,bm25,keyword,none,1,3,0.0,1.0,1.0,1.0,0.3333333333333333,0.00017520796973258257
statute,fixed_token,bm25,keyword,token_overlap,1,3,0.0,1.0,1.0,1.0,0.3333333333333333,0.00021354202181100845
statute,fixed_token,bm25,hyde,none,1,3,0.0,1.0,1.0,1.0,0.3333333333333333,0.000186417018994689
statute,fixed_token,dense,direct,none,1,3,0.0,1.0,1.0,1.0,0.3333333333333333,0.002280500018969178
statute,fixed_token,dense,direct,token_overlap,1,3,0.0,1.0,1.0,1.0,0.3333333333333333,0.0022831250680610538
statute,fixed_token,dense,keyword,none,1,3,0.0,1.0,1.0,1.0,0.3333333333333333,0.002226957934908569
statute,fixed_token,dense,keyword,token_overlap,1,3,0.0,1.0,1.0,1.0,0.3333333333333333,0.002235167077742517
statute,fixed_token,dense,hyde,none,1,3,0.0,1.0,1.0,1.0,0.3333333333333333,0.0023638339480385184
statute,fixed_token,hybrid,direct,none,1,3,0.0,1.0,1.0,1.0,0.3333333333333333,0.002330083050765097
statute,fixed_token,hybrid,direct,token_overlap,1,3,0.0,1.0,1.0,1.0,0.3333333333333333,0.002409375039860606
statute,fixed_token,hybrid,keyword,none,1,3,0.0,1.0,1.0,1.0,0.3333333333333333,0.002379792043939233
statute,fixed_token,hybrid,keyword,token_overlap,1,3,0.0,1.0,1.0,1.0,0.3333333333333333,0.002381416969001293
statute,fixed_token,hybrid,hyde,none,1,3,0.0,1.0,1.0,1.0,0.3333333333333333,0.002502292045392096
statute,fixed_char,bm25,direct,none,1,5,0.0,1.0,1.0,1.0,0.3333333333333333,0.0002007500734180212
statute,fixed_char,bm25,direct,token_overlap,1,5,0.0,1.0,1.0,1.0,0.3333333333333333,0.00021895789541304111
statute,fixed_char,bm25,keyword,none,1,5,0.0,1.0,1.0,1.0,0.3333333333333333,0.00016712502110749483
statute,fixed_char,bm25,keyword,token_overlap,1,5,0.0,1.0,1.0,1.0,0.3333333333333333,0.00019916589371860027
statute,fixed_char,bm25,hyde,none,1,5,0.0,1.0,1.0,1.0,0.3333333333333333,0.00019466702360659838
statute,fixed_char,dense,direct,none,1,5,0.0,1.0,1.0,1.0,0.3333333333333333,0.002293459023348987
statute,fixed_char,dense,direct,token_overlap,1,5,0.0,1.0,1.0,1.0,0.3333333333333333,0.0022479170002043247
statute,fixed_char,dense,keyword,none,1,5,0.0,1.0,1.0,1.0,0.3333333333333333,0.002211167011409998
statute,fixed_char,dense,keyword,token_overlap,1,5,0.0,1.0,1.0,1.0,0.3333333333333333,0.00221800000872463
statute,fixed_char,dense,hyde,none,1,5,0.0,1.0,1.0,1.0,0.3333333333333333,0.00216804095543921
statute,fixed_char,hybrid,direct,none,1,5,0.0,1.0,1.0,1.0,0.3333333333333333,0.0023438750067725778
statute,fixed_char,hybrid,direct,token_overlap,1,5,0.0,1.0,1.0,1.0,0.3333333333333333,0.0023581250570714474
statute,fixed_char,hybrid,keyword,none,1,5,0.0,1.0,1.0,1.0,0.3333333333333333,0.0023275830317288637
statute,fixed_char,hybrid,keyword,token_overlap,1,5,0.0,1.0,1.0,1.0,0.3333333333333333,0.0023989169858396053
statute,fixed_char,hybrid,hyde,none,1,5,0.0,1.0,1.0,1.0,0.3333333333333333,0.0023382919607684016
statute,recursive,bm25,direct,none,1,3,0.0,1.0,1.0,1.0,0.3333333333333333,0.0013152500614523888
statute,recursive,bm25,direct,token_overlap,1,3,0.0,1.0,1.0,1.0,0.3333333333333333,0.0013299999991431832
statute,recursive,bm25,keyword,none,1,3,0.0,1.0,1.0,1.0,0.3333333333333333,0.0012670420110225677
statute,recursive,bm25,keyword,token_overlap,1,3,0.0,1.0,1.0,1.0,0.3333333333333333,0.001319749979302287
statute,recursive,bm25,hyde,none,1,3,0.0,1.0,1.0,1.0,0.3333333333333333,0.0012798330280929804
statute,recursive,dense,direct,none,1,3,0.0,1.0,1.0,1.0,0.3333333333333333,0.003663291106931865
statute,recursive,dense,direct,token_overlap,1,3,0.0,1.0,1.0,1.0,0.3333333333333333,0.0036902499850839376
statute,recursive,dense,keyword,none,1,3,0.0,1.0,1.0,1.0,0.3333333333333333,0.003376042004674673
statute,recursive,dense,keyword,token_overlap,1,3,0.0,1.0,1.0,1.0,0.3333333333333333,0.003323625074699521
statute,recursive,dense,hyde,none,1,3,0.0,1.0,1.0,1.0,0.3333333333333333,0.0033276670146733522
statute,recursive,hybrid,direct,none,1,3,0.0,1.0,1.0,1.0,0.3333333333333333,0.0035680000437423587
statute,recursive,hybrid,direct,token_overlap,1,3,0.0,1.0,1.0,1.0,0.3333333333333333,0.0034708749735727906
statute,recursive,hybrid,keyword,none,1,3,0.0,1.0,1.0,1.0,0.3333333333333333,0.0033930829958990216
statute,recursive,hybrid,keyword,token_overlap,1,3,0.0,1.0,1.0,1.0,0.3333333333333333,0.003528999979607761
statute,recursive,hybrid,hyde,none,1,3,0.0,1.0,1.0,1.0,0.3333333333333333,0.0034268329618498683
